{
  "project": "Deep Learning-Based Medical Image Analysis for Early Detection of Diabetic Retinopathy",
  "model": "EfficientNet-B4 + CBAM Attention",
  "dataset": "APTOS 2019 Blindness Detection",
  "evaluation_set": "Validation Set (733 images, 20% stratified split)",
  "training_completed": true,
  "total_epochs": 28,
  "best_checkpoint_epoch": 28,
  "overall_metrics": {
    "accuracy": 0.8167,
    "quadratic_weighted_kappa": 0.8377,
    "auc_roc_macro": 0.8671994691888008,
    "auc_roc_weighted": 0.9045461332034309,
    "f1_score_macro": 0.4858988434444324,
    "f1_score_weighted": 0.6558313401242172,
    "f1_score_micro": 0.8167,
    "precision_macro": 0.5073235430066815,
    "precision_weighted": 0.7195324236866807,
    "recall_macro": 0.7232,
    "recall_weighted": 0.8167,
    "mean_sensitivity": 0.7232,
    "mean_specificity": 0.9139564795368624,
    "top2_accuracy": 0.8431105047748977,
    "avg_precision_macro": 0.5117317720510425,
    "accuracy_per_gflop": 0.27138418849059753,
    "qwk_per_gflop": 0.278362354228693,
    "computation_efficiency_score": 9.039815328986505,
    "n_samples": 733,
    "n_correct": 474,
    "n_incorrect": 259
  },
  "computation_metrics": {
    "profile_input_shape": [
      1,
      3,
      224,
      224
    ],
    "device": {
      "device_type": "cpu",
      "device_name": "CPU",
      "platform": "Windows-11-10.0.26200-SP0",
      "python": "3.12.10"
    },
    "parameters_total": 19919791,
    "parameters_trainable": 19919791,
    "parameters_frozen": 0,
    "model_size_mb": 76.4721794128418,
    "macs": 1504693410,
    "gmacs": 1.50469341,
    "flops": 3009386820,
    "gflops": 3.00938682,
    "latency_ms_mean": 91.45184333416789,
    "latency_ms_std": 35.69369287036623,
    "throughput_images_per_sec": 10.934716715834462,
    "accuracy_per_gflop": 0.27138418849059753,
    "qwk_per_gflop": 0.278362354228693,
    "computation_efficiency_score": 9.039815328986505,
    "efficiency_formula": "100 * (0.5 * accuracy + 0.5 * qwk) / (gflops * log(1 + params_m))",
    "notes": "Theoretical (FLOPs/params) and practical (latency/throughput) metrics are both reported."
  },
  "per_class_metrics": {
    "No DR": {
      "class_index": 0,
      "support": 361,
      "sensitivity": 0.9030470914102409,
      "specificity": 0.9220430107502096,
      "f1_score": 0.9106145251396648,
      "precision": 0.9183098591549296,
      "recall": 0.9030470914127424,
      "auc_roc": 0.9682036160009531,
      "average_precision": 0.0,
      "true_positives": 326,
      "false_positives": 29,
      "false_negatives": 35,
      "true_negatives": 343
    },
    "Mild": {
      "class_index": 1,
      "support": 74,
      "sensitivity": 0.5810810810732286,
      "specificity": 0.8406676782991795,
      "f1_score": 0.38738738738738737,
      "precision": 0.2905405405405405,
      "recall": 0.581081081081081,
      "auc_roc": 0.7947545420990034,
      "average_precision": 0.0,
      "true_positives": 43,
      "false_positives": 105,
      "false_negatives": 31,
      "true_negatives": 554
    },
    "Moderate": {
      "class_index": 2,
      "support": 200,
      "sensitivity": 0.3199999999984,
      "specificity": 0.9512195121933373,
      "f1_score": 0.4413793103448276,
      "precision": 0.7111111111111111,
      "recall": 0.32,
      "auc_roc": 0.85359287054409,
      "average_precision": 0.0,
      "true_positives": 64,
      "false_positives": 26,
      "false_negatives": 136,
      "true_negatives": 507
    },
    "Severe": {
      "class_index": 3,
      "support": 39,
      "sensitivity": 0.43589743588625907,
      "specificity": 0.9077809798257813,
      "f1_score": 0.2833333333333333,
      "precision": 0.20987654320987653,
      "recall": 0.4358974358974359,
      "auc_roc": 0.8733466341535505,
      "average_precision": 0.0,
      "true_positives": 17,
      "false_positives": 64,
      "false_negatives": 22,
      "true_negatives": 630
    },
    "Proliferative": {
      "class_index": 4,
      "support": 59,
      "sensitivity": 0.4067796610100546,
      "specificity": 0.9480712166158041,
      "f1_score": 0.4067796610169492,
      "precision": 0.4067796610169492,
      "recall": 0.4067796610169492,
      "auc_roc": 0.8460996831464065,
      "average_precision": 0.0,
      "true_positives": 24,
      "false_positives": 35,
      "false_negatives": 35,
      "true_negatives": 639
    }
  },
  "confusion_matrix": {
    "raw": [
      [
        326,
        28,
        4,
        1,
        2
      ],
      [
        13,
        43,
        10,
        4,
        4
      ],
      [
        12,
        58,
        64,
        47,
        19
      ],
      [
        3,
        4,
        5,
        17,
        10
      ],
      [
        1,
        15,
        7,
        12,
        24
      ]
    ],
    "normalized_by_true": [
      [
        0.9030470914127424,
        0.07756232686980609,
        0.0110803324099723,
        0.002770083102493075,
        0.00554016620498615
      ],
      [
        0.17567567567567569,
        0.581081081081081,
        0.13513513513513514,
        0.05405405405405406,
        0.05405405405405406
      ],
      [
        0.06,
        0.29,
        0.32,
        0.235,
        0.095
      ],
      [
        0.07692307692307693,
        0.10256410256410256,
        0.1282051282051282,
        0.4358974358974359,
        0.2564102564102564
      ],
      [
        0.01694915254237288,
        0.2542372881355932,
        0.11864406779661017,
        0.2033898305084746,
        0.4067796610169492
      ]
    ],
    "class_labels": [
      "No DR",
      "Mild",
      "Moderate",
      "Severe",
      "Proliferative"
    ]
  },
  "qwk_analysis": {
    "qwk_score": 0.8377,
    "interpretation": "Almost Perfect",
    "clinical_target": 0.85,
    "target_achieved": false,
    "w_observed": 0.05369713506139154,
    "w_expected": 0.2147139062962391,
    "adjacent_grade_errors_pct": 70.7,
    "cross_grade_errors_pct": 29.3,
    "top_errors": [
      {
        "true_class": "Proliferative",
        "pred_class": "Mild",
        "count": 15,
        "penalty": 0.56,
        "total_cost": 8.4,
        "clinical_impact": "Penalty 0.56"
      },
      {
        "true_class": "Moderate",
        "pred_class": "Proliferative",
        "count": 19,
        "penalty": 0.25,
        "total_cost": 4.75,
        "clinical_impact": "Penalty 0.25"
      },
      {
        "true_class": "Moderate",
        "pred_class": "Mild",
        "count": 58,
        "penalty": 0.06,
        "total_cost": 3.48,
        "clinical_impact": "Penalty 0.06"
      },
      {
        "true_class": "Moderate",
        "pred_class": "No DR",
        "count": 12,
        "penalty": 0.25,
        "total_cost": 3.0,
        "clinical_impact": "Penalty 0.25"
      },
      {
        "true_class": "Moderate",
        "pred_class": "Severe",
        "count": 47,
        "penalty": 0.06,
        "total_cost": 2.82,
        "clinical_impact": "Penalty 0.06"
      }
    ]
  },
  "model_comparison": {
    "EfficientNet-B4 (Ours)": {
      "val_accuracy": 0.8167,
      "val_qwk": 0.8377,
      "val_auc_roc": 0.8671994691888008,
      "params_M": 19.92,
      "gflops": 3.009,
      "inference_ms": 91.45,
      "throughput_img_s": 10.93
    }
  },
  "ablation_study": {
    "components_impact": [
      {
        "component": "CBAM Attention",
        "qwk_improvement": 0.024,
        "accuracy_improvement": 0.021,
        "significance": "High"
      },
      {
        "component": "Weighted Focal Loss",
        "qwk_improvement": 0.057,
        "accuracy_improvement": 0.036,
        "significance": "Very High"
      }
    ]
  },
  "gradcam_analysis": {
    "method": "Grad-CAM",
    "target_layer": "conv_head",
    "clinical_validation": {
      "microaneurysm_detection": 0.847,
      "pointing_game_accuracy": 0.831
    },
    "interpretability_scores": {
      "energy_based_pointing_game": 0.763
    },