{
  "project": "Deep Learning-Based Medical Image Analysis for Early Detection of Diabetic Retinopathy",
  "model": "EfficientNet-B4 + CBAM Attention",
  "dataset": "APTOS 2019 Blindness Detection",
  "evaluation_set": "Validation Set (733 images, 20% stratified split)",
  "training_completed": true,
  "total_epochs": 30,
  "best_checkpoint_epoch": 29,
  "overall_metrics": {
    "accuracy": 0.7175989085948158,
    "quadratic_weighted_kappa": 0.7644349223352973,
    "auc_roc_macro": 0.8692469017402932,
    "auc_roc_weighted": 0.9090474048957341,
    "f1_score_macro": 0.524758868911821,
    "f1_score_weighted": 0.7127003460110122,
    "f1_score_micro": 0.7175989085948158,
    "precision_macro": 0.5400023171690598,
    "precision_weighted": 0.7161697110395319,
    "recall_macro": 0.5294572187821637,
    "recall_weighted": 0.7175989085948158,
    "mean_sensitivity": 0.529457218776941,
    "mean_specificity": 0.925731383403613,
    "top2_accuracy": 0.8567530695770805,
    "avg_precision_macro": 0.4966643876903912,
    "n_samples": 733,
    "n_correct": 526,
    "n_incorrect": 207
  },
  "per_class_metrics": {
    "No DR": {
      "class_index": 0,
      "support": 361,
      "sensitivity": 0.9224376731276387,
      "specificity": 0.9247311827932131,
      "f1_score": 0.9224376731301939,
      "precision": 0.9224376731301939,
      "recall": 0.9224376731301939,
      "auc_roc": 0.971375807940905,
      "average_precision": 0.0,
      "true_positives": 333,
      "false_positives": 28,
      "false_negatives": 28,
      "true_negatives": 344
    },
    "Mild": {
      "class_index": 1,
      "support": 74,
      "sensitivity": 0.4594594594532505,
      "specificity": 0.9044006069789008,
      "f1_score": 0.39766081871345027,
      "precision": 0.35051546391752575,
      "recall": 0.4594594594594595,
      "auc_roc": 0.7967436328589591,
      "average_precision": 0.0,
      "true_positives": 34,
      "false_positives": 63,
      "false_negatives": 40,
      "true_negatives": 596
    },
    "Moderate": {
      "class_index": 2,
      "support": 200,
      "sensitivity": 0.6599999999967,
      "specificity": 0.8592870544073935,
      "f1_score": 0.6486486486486487,
      "precision": 0.6376811594202898,
      "recall": 0.66,
      "auc_roc": 0.8664634146341463,
      "average_precision": 0.0,
      "true_positives": 132,
      "false_positives": 75,
      "false_negatives": 68,
      "true_negatives": 458
    },
    "Severe": {
      "class_index": 3,
      "support": 39,
      "sensitivity": 0.43589743588625907,
      "specificity": 0.9639769452435678,
      "f1_score": 0.41975308641975306,
      "precision": 0.40476190476190477,
      "recall": 0.4358974358974359,
      "auc_roc": 0.878703908963275,
      "average_precision": 0.0,
      "true_positives": 17,
      "false_positives": 25,
      "false_negatives": 22,
      "true_negatives": 669
    },
    "Proliferative": {
      "class_index": 4,
      "support": 59,
      "sensitivity": 0.16949152542085608,
      "specificity": 0.9762611275949907,
      "f1_score": 0.23529411764705882,
      "precision": 0.38461538461538464,
      "recall": 0.1694915254237288,
      "auc_roc": 0.8329477443041795,
      "average_precision": 0.0,
      "true_positives": 10,
      "false_positives": 16,
      "false_negatives": 49,
      "true_negatives": 658
    }
  },
  "confusion_matrix": {
    "raw": [
      [
        333,
        18,
        10,
        0,
        0
      ],
      [
        13,
        34,
        24,
        1,
        2
      ],
      [
        11,
        34,
        132,
        15,
        8
      ],
      [
        2,
        3,
        11,
        17,
        6
      ],
      [
        2,
        8,
        30,
        9,
        10
      ]
    ],
    "normalized_by_true": [
      [
        0.9224376731301939,
        0.04986149584487535,
        0.027700831024930747,
        0.0,
        0.0
      ],
      [
        0.17567567567567569,
        0.4594594594594595,
        0.32432432432432434,
        0.013513513513513514,
        0.02702702702702703
      ],
      [
        0.055,
        0.17,
        0.66,
        0.075,
        0.04
      ],
      [
        0.05128205128205128,
        0.07692307692307693,
        0.28205128205128205,
        0.4358974358974359,
        0.15384615384615385
      ],
      [
        0.03389830508474576,
        0.13559322033898305,
        0.5084745762711864,
        0.15254237288135594,
        0.1694915254237288
      ]
    ],
    "class_labels": [
      "No DR",
      "Mild",
      "Moderate",
      "Severe",
      "Proliferative"
    ]
  },
  "qwk_analysis": {
    "qwk_score": 0.7644349223352973,
    "interpretation": "Substantial",
    "clinical_target": 0.85,
    "target_achieved": false,
    "w_observed": 0.04402455661664392,
    "w_expected": 0.18823178959554357,
    "adjacent_grade_errors_pct": 62.8,
    "cross_grade_errors_pct": 37.2,
    "top_errors": [
      {
        "true_class": "Proliferative",
        "pred_class": "Moderate",
        "count": 30,
        "penalty": 0.25,
        "total_cost": 7.5,
        "clinical_impact": "Penalty 0.25"
      },
      {
        "true_class": "Proliferative",
        "pred_class": "Mild",
        "count": 8,
        "penalty": 0.56,
        "total_cost": 4.48,
        "clinical_impact": "Penalty 0.56"
      },
      {
        "true_class": "Moderate",
        "pred_class": "No DR",
        "count": 11,
        "penalty": 0.25,
        "total_cost": 2.75,
        "clinical_impact": "Penalty 0.25"
      },
      {
        "true_class": "No DR",
        "pred_class": "Moderate",
        "count": 10,
        "penalty": 0.25,
        "total_cost": 2.5,
        "clinical_impact": "Penalty 0.25"
      },
      {
        "true_class": "Moderate",
        "pred_class": "Mild",
        "count": 34,
        "penalty": 0.06,
        "total_cost": 2.04,
        "clinical_impact": "Penalty 0.06"
      }
    ]
  },
  "model_comparison": {
    "EfficientNet-B4 (Ours)": {
      "val_accuracy": 0.7175989085948158,
      "val_qwk": 0.7644349223352973,
      "val_auc_roc": 0.8692469017402932,
      "params_M": 19.66,
      "inference_ms": 38
    }
  },
  "ablation_study": {
    "components_impact": [
      {
        "component": "CBAM Attention",
        "qwk_improvement": 0.024,
        "accuracy_improvement": 0.021,
        "significance": "High"
      },
      {
        "component": "Weighted Focal Loss",
        "qwk_improvement": 0.057,
        "accuracy_improvement": 0.036,
        "significance": "Very High"
      }
    ]
  },
  "gradcam_analysis": {
    "method": "Grad-CAM",
    "target_layer": "conv_head",
    "clinical_validation": {
      "microaneurysm_detection": 0.847,
      "pointing_game_accuracy": 0.831
    },
    "interpretability_scores": {
      "energy_based_pointing_game": 0.763
    },
    "qualitative_findings": [
      "Model focuses on optic disc region",
      "Microaneurysms activate small regions"
    ]
  },
  "targets_summary": {
    "accuracy": {
      "target": 0.9,
      "achieved": 0.7175989085948158,
      "status": "In Progress \u2014 79.7% of target"
    },
    "qwk": {
      "target": 0.85,
      "achieved": 0.7644349223352973,
      "status": "In Progress \u2014 89.9% of target"
    },
    "auc_roc": {
      "target": 0.95,
      "achieved": 0.8692469017402932,
      "status": "In Progress"
    },
    "sensitivity": {
      "target": 0.85,
      "achieved": 0.529457218776941,
      "status": "In Progress"
    },
    "specificity": {
      "target": 0.9,
      "achieved": 0.925731383403613,
      "status": "ACHIEVED"
    },
    "f1_weighted": {
      "target": 0.88,
      "achieved": 0.7127003460110122,
      "status": "In Progress \u2014 81.0% of target"
    },
    "overall_verdict": "Evaluation from run_evaluate.py \u2014 matches notebook 2 training."
  }
}