{
  "train_loss": [
    5.449999999999999,
    4.500234356880601,
    3.714551635767341,
    3.039978860351758,
    2.4607229181018586,
    1.9870983272355711,
    1.6326968713189693,
    1.3928422862478016,
    1.2367527418855973,
    1.1176465393934858,
    0.9942447673777732,
    0.8502936244742112,
    0.6999963322397303,
    0.5758445598270313,
    0.50605799057802,
    0.4951783203062892,
    0.5194779053643723,
    0.5398788711581752,
    0.5244745050111616,
    0.46693428369860396,
    0.38958216817244373,
    0.3292438972255346,
    0.3144184158296766,
    0.347597103750085,
    0.40343659134835774,
    0.44387815439437694,
    0.4410301443281314,
    0.3939233905525625
  ],
  "train_accuracy": [
    0.5544044778675427,
    0.5898694090373856,
    0.5871370160495876,
    0.5781907232336143,
    0.6106728620406158,
    0.6540239109737949,
    0.6733423448413552,
    0.6567597507156488,
    0.6679076692146804,
    0.7044817024877423,
    0.7401017153643742,
    0.7327865533279707,
    0.6978688074820243,
    0.7046035522270415,
    0.7576609182117303,
    0.7964247279339359,
    0.7836600946327629,
    0.75483682571722,
    0.7549163949601068,
    0.7800731040388715,
    0.8110726704477766,
    0.7988303574973467,
    0.7806261073324754,
    0.7957618179800413,
    0.8344954909072592,
    0.8279988422946818,
    0.7921647448794494,
    0.8428226569790653
  ],
  "train_qwk": [
    0.5034467465921848,
    0.5611926219010618,
    0.5464497272171761,
    0.5353886799942812,
    0.5708863727069386,
    0.6341306741227328,
    0.6622415066843714,
    0.6522140770188257,
    0.6402341793044246,
    0.6746844555329246,
    0.7132531579826136,
    0.7272341374993954,
    0.7115368215776017,
    0.7226240099411411,
    0.7545564595575023,
    0.7727682409577686,
    0.7641953994689278,
    0.7461152601518153,
    0.7644694543487962,
    0.8074055603790501,
    0.8230697118815851,
    0.7869424376754732,
    0.7642831216772151,
    0.7934486305870405,
    0.8468936892044325,
    0.8557005338455743,
    0.8080040399396848,
    0.8518471808344366
  ],
  "val_loss": [
    1.73,
    1.640695939432088,
    1.5150773883321242,
    1.3515909727467599,
    1.2011846934128607,
    1.1144784755119375,
    1.0894491539790256,
    1.0721781571019224,
    1.0098920419541868,
    0.9029812451475543,
    0.8037110192919525,
    0.762906952432131,
    0.7781770811859205,
    0.795689846606834,
    0.7637122799178384,
    0.6841021491138527,
    0.6100046806480475,
    0.5920620306843668,
    0.627181762565987,
    0.6613397806612339,
    0.643596779923929,
    0.5770454609050123,
    0.5154903448763017,
    0.5091934399815969,
    0.5542009378941959,
    0.596168000856578,
    0.5848361345603387,
    0.5244192327309023
  ],
  "val_accuracy": [
    0.5194044778675426,
    0.5454694861218558,
    0.5404508444790492,
    0.5380621646708084,
    0.580983107360154,
    0.630754272385776,
    0.647615518692027,
    0.6215579839098366,
    0.6233836548484905,
    0.6578430247576013,
    0.7001562935414731,
    0.7032769840532745,
    0.6746400422428221,
    0.6787473552340699,
    0.7222574416450767,
    0.7517793148153165,
    0.7370722013141715,
    0.7150759388396526,
    0.7255854587968883,
    0.7568818840998512,
    0.7850845174090367,
    0.7632252852436648,
    0.7358620224823901,
    0.7492279852860159,
    0.7949204850073999,
    0.7988449364442078,
    0.7690077315768972,
    0.8167
  ],
  "val_qwk": [
    0.4754467465921848,
    0.5207157188602016,
    0.5071307775637018,
    0.5095971197122866,
    0.5562088017413919,
    0.6160082386807183,
    0.6298799275951841,
    0.6103797217445477,
    0.6040453386039399,
    0.6530899580457791,
    0.6992530208743234,
    0.7055292020028797,
    0.6752477923717005,
    0.6808092024412965,
    0.7223128025630624,
    0.7547332357509363,
    0.7494792224397815,
    0.720201246513214,
    0.7250780220236968,
    0.7669853549773572,
    0.7951936302116507,
    0.7714750608249488,
    0.7475287018509305,
    0.7631179105375203,
    0.8055336978815347,
    0.8179111734024029,
    0.7844831994060636,
    0.8377
  ],
  "val_auc_roc": [
    0.7310196944095817,
    0.7480744447722714,
    0.7412219723490078,
    0.7319458017436804,
    0.7531539726555034,
    0.7811056768797814,
    0.7882029557230784,
    0.7731388769076584,
    0.7706391796027049,
    0.7952118418733983,
    0.8221014554505333,
    0.8184829654848311,
    0.7993042715952706,
    0.7993670443975253,
    0.8247696980192255,
    0.8406982394427245,
    0.8303969549538518,
    0.8175729292391269,
    0.8204244795286774,
    0.8414012542246939,
    0.8532932147388955,
    0.8392090503755261,
    0.8285209069308163,
    0.8321799154368574,
    0.8590862734754634,
    0.8670634619868794,
    0.8429554016948165,
    0.8671994691888008
  ],
  "learning_rate": [
    0.001,
    0.0009579117688585282,
    0.0008399831657899618,
    0.0006695713969314337,
    0.0004804286030685664,
    0.0003100168342100382,
    0.00019208823114147188,
    0.00015,
    0.001,
    0.0009827845137861614,
    0.000932532751453252,
    0.0008533158119267462,
    0.0007515513805258019,
    0.0006354838062661461,
    0.0005145161937338538,
    0.0003984486194741983,
    0.0002966841880732539,
    0.00021746724854674804,
    0.0001672154862138386,
    0.00015,
    0.001,
    0.0009579117688585282,
    0.0008399831657899618,
    0.0006695713969314337,
    0.0004804286030685664,
    0.0003100168342100382,
    0.00019208823114147188,
    0.00015
  ],
  "epoch_time": [
    420.0,
    470.6588393923159,
    490.3718970730273,
    476.6448003223947,
    457.72790018768285,
    466.64302901347446,
    510.82338007204294,
    565.2794639487515,
    595.5743298649353,
    589.4847394096703,
    568.2391555644252,
    567.0003917379719,
    602.5370832799827,
    657.8066814730656,
    697.6242942277948,
    701.0115136062847,
    680.4838673333974,
    670.5441003248177,
    695.9605101291329,
    748.9950883865181,
    796.5178100291051,
    810.4662255414422,
    793.6459476283839,
    397.1511838329932,
    411.77686551973505,
    459.7059299960891,
    512.5023380191841,
    537.2550371361801
  ]
}