{
  "train_loss": [
    5.2937298036342835,
    2.9276349958151684,
    2.4462543381278623,
    2.2103056752278714,
    2.1426088024076617,
    2.0148583538697706,
    1.793586849158769,
    1.7677975466667122,
    1.6053273269502293,
    1.6388664904756478,
    1.6325706618960643,
    1.6117266561849262,
    1.623938693641768,
    1.5305721495181217,
    1.5489090494944107,
    1.5843273632997295,
    1.5027135723532308,
    1.5079675077119332,
    1.5514687542601413,
    1.46630585721273,
    1.5070731674861229,
    1.552920340165973,
    1.5474875784641484,
    1.5173162953709367
  ],
  "train_accuracy": [
    0.2915925266903915,
    0.3084964412811388,
    0.32161921708185054,
    0.33830071174377224,
    0.3485320284697509,
    0.3681049822064057,
    0.3945729537366548,
    0.3945729537366548,
    0.4110320284697509,
    0.4130338078291815,
    0.41637010676156583,
    0.4266014234875445,
    0.4152580071174377,
    0.43305160142348753,
    0.4383896797153025,
    0.4406138790035587,
    0.44217081850533807,
    0.4588523131672598,
    0.44795373665480426,
    0.46307829181494664,
    0.45907473309608543,
    0.44395017793594305,
    0.44973309608540923,
    0.45329181494661924
  ],
  "train_qwk": [
    0.22824296240012476,
    0.27664959032832637,
    0.3221058641967848,
    0.35881749890586867,
    0.3785690179836039,
    0.40389889732750617,
    0.4509393921194308,
    0.4588848877172226,
    0.47781864236706795,
    0.4754930000310963,
    0.4748160836420894,
    0.49912275583199806,
    0.48009102361368905,
    0.509672135530885,
    0.503201787692855,
    0.5059903628801106,
    0.5398340450330953,
    0.5425361623851339,
    0.5402152911951421,
    0.545260352989628,
    0.5506819163942446,
    0.5310554978772661,
    0.5275778656973524,
    0.5470534094014927
  ],
  "val_loss": [
    1.2669175830872164,
    0.8587968990854595,
    0.8502891799030097,
    0.917927590077338,
    0.7967864002870477,
    0.9050991674480231,
    0.8121254525106886,
    0.786549827326899,
    0.7261499296063962,
    0.7111469879746437,
    0.7301642716578816,
    0.7207296717426052,
    0.7001642021148101,
    0.7348208161799804,
    0.7090401450253051,
    0.6870211558821409,
    0.6883007401357526,
    0.701580103162838,
    0.6896697851302831,
    0.7608853578567505,
    0.6888399660263372,
    0.6714137368228125,
    0.6984049156308174,
    0.6722470324324525
  ],
  "val_accuracy": [
    0.49931787175989084,
    0.6152796725784447,
    0.582537517053206,
    0.514324693042292,
    0.5593451568894953,
    0.5497953615279673,
    0.5798090040927695,
    0.5961800818553888,
    0.6221009549795361,
    0.6152796725784447,
    0.6030013642564802,
    0.6275579809004093,
    0.6221009549795361,
    0.607094133697135,
    0.6330150068212824,
    0.635743519781719,
    0.6234652114597544,
    0.6221009549795361,
    0.6343792633015006,
    0.6234652114597544,
    0.645293315143247,
    0.6234652114597544,
    0.6207366984993179,
    0.6398362892223738
  ],
  "val_qwk": [
    0.4831447296529565,
    0.5820108879260111,
    0.6392718345052882,
    0.601915264043112,
    0.6277768747722567,
    0.5628730103221234,
    0.6401720637667654,
    0.6401687574007805,
    0.6715444598410009,
    0.7000713993443188,
    0.6871693542547566,
    0.6720292646328403,
    0.7087317923488045,
    0.7335374418671708,
    0.7163230356918254,
    0.7233586208771787,
    0.6955300276023475,
    0.7056351061989183,
    0.7178428436829302,
    0.6988287940186853,
    0.7406983683234322,
    0.7343972164714707,
    0.7054522010606776,
    0.7449932299376676
  ],
  "val_auc_roc": [
    0.7378264111254231,
    0.7672860595976575,
    0.7922015091692257,
    0.7915565880503742,
    0.8030716832028135,
    0.7723426132977054,
    0.8135556321288581,
    0.8335179511109579,
    0.8331839327036155,
    0.8521931125633901,
    0.8394477013924334,
    0.8469683739083006,
    0.8513187599228162,
    0.8517800944270892,
    0.8618132331308136,
    0.8561805168387366,
    0.8639360599483737,
    0.856658256917355,
    0.8605249843801076,
    0.8493648700237795,
    0.8669515802280123,
    0.8629228119592096,
    0.8523958428783599,
    0.8584001259718634
  ],
  "learning_rate": [
    0.0008535680352542143,
    0.0005000499999999999,
    0.0001465319647457856,
    0.001,
    0.0008535680352542143,
    0.0005000499999999999,
    0.0001465319647457856,
    0.001,
    8.536998372026805e-05,
    5.0050000000000004e-05,
    1.4730016279731955e-05,
    0.0001,
    9.619778264893878e-05,
    8.536998372026805e-05,
    6.916503744663624e-05,
    5.0050000000000004e-05,
    3.093496255336377e-05,
    1.4730016279731955e-05,
    3.902217351061227e-06,
    0.0001,
    5.05e-06,
    1e-05,
    5.05e-06,
    1e-05
  ],
  "epoch_time": [
    475.4530174732208,
    653.9898636341095,
    419.7726593017578,
    364.8201060295105,
    360.2695050239563,
    363.2951400279999,
    361.27686834335327,
    353.30830121040344,
    740.4307396411896,
    707.6212711334229,
    694.2191920280457,
    697.5749006271362,
    1086.46559715271,
    712.330816745758,
    872.0868456363678,
    1114.7178773880005,
    824.8744378089905,
    810.0641484260559,
    897.798392534256,
    902.3517072200775,
    1677.0474650859833,
    1856.9175040721893,
    1768.6013717651367,
    1854.6551995277405
  ]
}