{
  "train_loss": [
    5.60784303164873,
    3.569049949528741,
    2.64411157923318,
    2.2146011379247157,
    2.17302235521254,
    2.012078004782317,
    1.7991734863630409,
    2.031963882550516,
    1.8189415003432603,
    1.7619792864622315,
    1.6438641479757965,
    1.8396881893684305,
    1.6728952676872086,
    1.5751542496225222,
    1.643000127513552,
    1.6217365981451148,
    1.6033995698709957,
    1.6289062666111305,
    1.680026633491933,
    1.6731833017588964,
    1.607994659676578,
    1.6895542641480763,
    1.5329207154245323,
    1.4555623000436793,
    1.4963397328319445,
    1.318513199605577,
    1.5202640949702653,
    1.522657963421827,
    1.488415223490345,
    1.4175922152448872
  ],
  "train_accuracy": [
    0.3828551912568306,
    0.43169398907103823,
    0.446379781420765,
    0.45150273224043713,
    0.4883879781420765,
    0.4822404371584699,
    0.5010245901639344,
    0.5037568306010929,
    0.5150273224043715,
    0.512636612021858,
    0.5334699453551912,
    0.5208333333333334,
    0.5211748633879781,
    0.5488387978142076,
    0.5344945355191257,
    0.5280054644808743,
    0.5519125683060109,
    0.54474043715847,
    0.5519125683060109,
    0.5590846994535519,
    0.5389344262295082,
    0.5539617486338798,
    0.5689890710382514,
    0.5816256830601093,
    0.5532786885245902,
    0.5689890710382514,
    0.575136612021858,
    0.5727459016393442,
    0.576844262295082,
    0.5724043715846995
  ],
  "train_qwk": [
    0.21622596122213178,
    0.3303831844719889,
    0.3400833814882973,
    0.36237325106911333,
    0.42721573635954135,
    0.44120318462404895,
    0.4406991820837489,
    0.46563222022033135,
    0.4805519513764399,
    0.48628036412611353,
    0.48444345860312965,
    0.49888370950037386,
    0.5077671903522755,
    0.5474405584245532,
    0.5284502388916523,
    0.5307402798114125,
    0.5371591570379632,
    0.5296313725244549,
    0.5453038694591795,
    0.5394490280425824,
    0.5286463017783503,
    0.5524062475325928,
    0.5885940892622947,
    0.5980449722201371,
    0.553769005036788,
    0.5910721662416187,
    0.5843372705504105,
    0.5837102324488409,
    0.5861939131711116,
    0.581294744274452
  ],
  "val_loss": [
    2.2963034329207046,
    1.3175990957280863,
    1.1444248855113983,
    1.0914035918919935,
    0.9139298511588055,
    0.8713068430838378,
    0.9359192135541335,
    0.8613207281931586,
    0.9743912220001221,
    0.8315250368221946,
    0.8040974172561065,
    0.7946694454421168,
    0.8074784803649654,
    0.796074852347374,
    0.7828086938547052,
    0.8066997327234434,
    0.7766842194225477,
    0.7727355438729991,
    0.7823927920797596,
    0.784424496733624,
    0.7683036029338837,
    0.7673259280298067,
    0.7600809018249097,
    0.7664823927309202,
    0.7454208712215009,
    0.7419045243574225,
    0.7447038422460142,
    0.7500793143458988,
    0.7447302684835766,
    0.7458330438188885
  ],
  "val_accuracy": [
    0.4761255115961801,
    0.5061391541609823,
    0.6139154160982264,
    0.6043656207366985,
    0.6302864938608458,
    0.6398362892223738,
    0.6575716234652115,
    0.6480218281036835,
    0.6821282401091405,
    0.6998635743519782,
    0.694406548431105,
    0.6984993178717599,
    0.7053206002728513,
    0.684856753069577,
    0.6862210095497954,
    0.6780354706684857,
    0.7012278308321964,
    0.6916780354706685,
    0.694406548431105,
    0.6780354706684857,
    0.6630286493860846,
    0.7175989085948158,
    0.7053206002728513,
    0.6971350613915416,
    0.694406548431105,
    0.7025920873124147,
    0.703956343792633,
    0.7094133697135061,
    0.7175989085948158,
    0.7025920873124147
  ],
  "val_qwk": [
    0.39032824987260273,
    0.5170618482297926,
    0.5851842076125651,
    0.6161754177831413,
    0.6519902618725715,
    0.6496635846827531,
    0.6792332391872878,
    0.6946937174390212,
    0.6982949433529746,
    0.7105933516125023,
    0.7137944453813125,
    0.7066491338402607,
    0.712584454142974,
    0.7197766101304881,
    0.7174950031970737,
    0.7226892459437244,
    0.713851705563006,
    0.7173420722390884,
    0.7235413512419613,
    0.7001058101530719,
    0.7187238876845077,
    0.7473474403548735,
    0.7351512555241833,
    0.7405151576958333,
    0.7450917525285199,
    0.7451471140891556,
    0.7509024203946045,
    0.7567432943750518,
    0.7644349223352973,
    0.73995735352879
  ],
  "val_auc_roc": [
    0.7172670257276872,
    0.7684094275345779,
    0.7943293335225056,
    0.7943093368887802,
    0.8179126533133069,
    0.8293400051583383,
    0.834063010261311,
    0.8369159696835661,
    0.8312906479792173,
    0.8384619173603877,
    0.8446742245511368,
    0.8452794354136648,
    0.8426403041606291,
    0.8468362553431277,
    0.857295154445916,
    0.8506199711914171,
    0.8547746005051794,
    0.8597071339538178,
    0.8573716589242082,
    0.8561183072515253,
    0.8567018620682765,
    0.8628147844000573,
    0.8622031439487727,
    0.8637764053712497,
    0.8629621883130845,
    0.869731882580397,
    0.8656623101046137,
    0.866937607546839,
    0.8692469017402932,
    0.8680433565896962
  ],
  "learning_rate": [
    0.000975530705321762,
    0.0009045180463377549,
    0.0007939132368836219,
    0.0006545430463377549,
    0.0005000499999999999,
    0.00034555695366224505,
    0.0002061867631163781,
    9.558195366224507e-05,
    2.456929467823799e-05,
    0.001,
    9.755527298894293e-05,
    9.046039886902862e-05,
    7.940987335200904e-05,
    6.548539886902863e-05,
    5.0050000000000004e-05,
    3.461460113097139e-05,
    2.069012664799097e-05,
    9.639601130971381e-06,
    2.544727011057081e-06,
    0.0001,
    9.938503261272713e-05,
    9.755527298894293e-05,
    9.455577588320898e-05,
    9.046039886902862e-05,
    8.536998372026805e-05,
    9.054634122155991e-06,
    6.57963412215599e-06,
    3.5203658778440107e-06,
    1.0453658778440107e-06,
    1e-05
  ],
  "epoch_time": [
    268.27030897140503,
    331.066663980484,
    415.96331787109375,
    212.77008628845215,
    216.0256700515747,
    209.98939561843872,
    211.16470432281494,
    207.93369269371033,
    254.26032638549805,
    208.17474508285522,
    446.6158287525177,
    415.23654198646545,
    503.62964391708374,
    667.1785998344421,
    565.8616080284119,
    461.75246834754944,
    508.6021637916565,
    465.03495478630066,
    457.9950284957886,
    460.541953086853,
    537.7873339653015,
    447.34204745292664,
    474.17208981513977,
    421.65415501594543,
    421.17120003700256,
    720.7461280822754,
    665.8700444698334,
    853.4387497901917,
    920.7252478599548,
    899.2836842536926
  ]
}